price_id,product_id,price,currency,seller,timestamp,source
pr_000001,iphone_15_pro,27990000.0,VND,Apple Official Store,2026-08-20T10:00:00Z,price_poller
pr_000002,iphone_15_pro,27570000.0,VND,Apple Official Store,2026-08-21T10:00:00Z,price_poller
pr_000003,iphone_15_pro,28730000.0,VND,Apple Official Store,2026-08-22T10:00:00Z,price_poller
pr_000004,iphone_15_pro,28690000.0,VND,Apple Official Store,2026-08-23T10:00:00Z,price_poller
pr_000005,iphone_15_pro,28750000.0,VND,Apple Official Store,2026-08-24T10:00:00Z,price_poller
pr_000006,iphone_15_pro,28640000.0,VND,Apple Official Store,2026-08-25T10:00:00Z,price_poller
pr_000007,iphone_15_pro,27480000.0,VND,Apple Official Store,2026-08-26T10:00:00Z,price_poller
pr_000008,iphone_15_pro,28130000.0,VND,Apple Official Store,2026-08-27T10:00:00Z,price_poller
pr_000009,iphone_15_pro,28410000.0,VND,Apple Official Store,2026-08-28T10:00:00Z,price_poller
pr_000010,iphone_15_pro,27910000.0,VND,Apple Official Store,2026-08-29T10:00:00Z,price_poller
pr_000011,iphone_15_pro,27910000.0,VND,Apple Official Store,2026-08-30T10:00:00Z,price_poller
pr_000012,iphone_15_pro,27560000.0,VND,Apple Official Store,2026-08-31T10:00:00Z,price_poller
pr_000013,iphone_15_pro,27670000.0,VND,Apple Official Store,2026-09-01T10:00:00Z,price_poller
pr_000014,iphone_15_pro,28630000.0,VND,Apple Official Store,2026-09-02T10:00:00Z,price_poller
pr_000015,iphone_15_pro,27580000.0,VND,Apple Official Store,2026-09-03T10:00:00Z,price_poller
pr_000016,iphone_15_pro,28330000.0,VND,Apple Official Store,2026-09-04T10:00:00Z,price_poller
pr_000017,iphone_15_pro,27590000.0,VND,Apple Official Store,2026-09-05T10:00:00Z,price_poller
pr_000018,iphone_15_pro,27980000.0,VND,Apple Official Store,2026-09-06T10:00:00Z,price_poller
pr_000019,iphone_15_pro,27740000.0,VND,Apple Official Store,2026-09-07T10:00:00Z,price_poller
pr_000020,iphone_15_pro,28470000.0,VND,Apple Official Store,2026-09-08T10:00:00Z,price_poller
pr_000021,iphone_15_pro,28660000.0,VND,Apple Official Store,2026-09-09T10:00:00Z,price_poller
pr_000022,iphone_15_pro,27960000.0,VND,Apple Official Store,2026-09-10T10:00:00Z,price_poller
pr_000023,iphone_15_pro,28650000.0,VND,Apple Official Store,2026-09-11T10:00:00Z,price_poller
pr_000024,iphone_15_pro,27640000.0,VND,Apple Official Store,2026-09-12T10:00:00Z,price_poller
pr_000025,iphone_15_pro,27800000.0,VND,Apple Official Store,2026-09-13T10:00:00Z,price_poller
pr_000026,iphone_15_pro,28520000.0,VND,Apple Official Store,2026-09-14T10:00:00Z,price_poller
pr_000027,iphone_15_pro,28750000.0,VND,Apple Official Store,2026-09-15T10:00:00Z,price_poller
pr_000028,iphone_15_pro,28200000.0,VND,Apple Official Store,2026-09-16T10:00:00Z,price_poller
pr_000029,iphone_15_pro,28660000.0,VND,Apple Official Store,2026-09-17T10:00:00Z,price_poller
pr_000030,iphone_15_pro,28250000.0,VND,Apple Official Store,2026-09-18T10:00:00Z,price_poller
pr_000031,iphone_15_pro,27540000.0,VND,Apple Official Store,2026-09-19T10:00:00Z,price_poller
pr_000032,iphone_15_pro,28060000.0,VND,Apple Official Store,2026-09-20T10:00:00Z,price_poller
pr_000033,iphone_15_pro,28540000.0,VND,Apple Official Store,2026-09-21T10:00:00Z,price_poller
pr_000034,iphone_15_pro,27620000.0,VND,Apple Official Store,2026-09-22T10:00:00Z,price_poller
pr_000035,iphone_15_pro,27520000.0,VND,Apple Official Store,2026-09-23T10:00:00Z,price_poller
pr_000036,iphone_15,19670000.0,VND,Apple Official Store,2026-08-20T10:00:00Z,price_poller
pr_000037,iphone_15,19630000.0,VND,Apple Official Store,2026-08-21T10:00:00Z,price_poller
pr_000038,iphone_15,19620000.0,VND,Apple Official Store,2026-08-22T10:00:00Z,price_poller
pr_000039,iphone_15,19310000.0,VND,Apple Official Store,2026-08-23T10:00:00Z,price_poller
pr_000040,iphone_15,19860000.0,VND,Apple Official Store,2026-08-24T10:00:00Z,price_poller
pr_000041,iphone_15,19040000.0,VND,Apple Official Store,2026-08-25T10:00:00Z,price_poller
pr_000042,iphone_15,18980000.0,VND,Apple Official Store,2026-08-26T10:00:00Z,price_poller
pr_000043,iphone_15,19280000.0,VND,Apple Official Store,2026-08-27T10:00:00Z,price_poller
pr_000044,iphone_15,19690000.0,VND,Apple Official Store,2026-08-28T10:00:00Z,price_poller
pr_000045,iphone_15,19160000.0,VND,Apple Official Store,2026-08-29T10:00:00Z,price_poller
pr_000046,iphone_15,18990000.0,VND,Apple Official Store,2026-08-30T10:00:00Z,price_poller
pr_000047,iphone_15,19480000.0,VND,Apple Official Store,2026-08-31T10:00:00Z,price_poller
pr_000048,iphone_15,19410000.0,VND,Apple Official Store,2026-09-01T10:00:00Z,price_poller
pr_000049,iphone_15,19460000.0,VND,Apple Official Store,2026-09-02T10:00:00Z,price_poller
pr_000050,iphone_15,18920000.0,VND,Apple Official Store,2026-09-03T10:00:00Z,price_poller
pr_000051,iphone_15,19090000.0,VND,Apple Official Store,2026-09-04T10:00:00Z,price_poller
pr_000052,iphone_15,19680000.0,VND,Apple Official Store,2026-09-05T10:00:00Z,price_poller
pr_000053,iphone_15,19430000.0,VND,Apple Official Store,2026-09-06T10:00:00Z,price_poller
pr_000054,iphone_15,19730000.0,VND,Apple Official Store,2026-09-07T10:00:00Z,price_poller
pr_000055,iphone_15,19920000.0,VND,Apple Official Store,2026-09-08T10:00:00Z,price_poller
pr_000056,iphone_15,19080000.0,VND,Apple Official Store,2026-09-09T10:00:00Z,price_poller
pr_000057,iphone_15,19590000.0,VND,Apple Official Store,2026-09-10T10:00:00Z,price_poller
pr_000058,iphone_15,19790000.0,VND,Apple Official Store,2026-09-11T10:00:00Z,price_poller
pr_000059,iphone_15,19930000.0,VND,Apple Official Store,2026-09-12T10:00:00Z,price_poller
pr_000060,iphone_15,19940000.0,VND,Apple Official Store,2026-09-13T10:00:00Z,price_poller
pr_000061,iphone_15,19850000.0,VND,Apple Official Store,2026-09-14T10:00:00Z,price_poller
pr_000062,iphone_15,19540000.0,VND,Apple Official Store,2026-09-15T10:00:00Z,price_poller
pr_000063,iphone_15,19190000.0,VND,Apple Official Store,2026-09-16T10:00:00Z,price_poller
pr_000064,iphone_15,19070000.0,VND,Apple Official Store,2026-09-17T10:00:00Z,price_poller
pr_000065,iphone_15,19390000.0,VND,Apple Official Store,2026-09-18T10:00:00Z,price_poller
pr_000066,iphone_15,19630000.0,VND,Apple Official Store,2026-09-19T10:00:00Z,price_poller
pr_000067,iphone_15,19310000.0,VND,Apple Official Store,2026-09-20T10:00:00Z,price_poller
pr_000068,iphone_15,19270000.0,VND,Apple Official Store,2026-09-21T10:00:00Z,price_poller
pr_000069,iphone_15,19790000.0,VND,Apple Official Store,2026-09-22T10:00:00Z,price_poller
pr_000070,iphone_15,19070000.0,VND,Apple Official Store,2026-09-23T10:00:00Z,price_poller
pr_000071,galaxy_s24_ultra,29740000.0,VND,Samsung Official Store,2026-08-20T10:00:00Z,price_poller
pr_000072,galaxy_s24_ultra,30390000.0,VND,Samsung Official Store,2026-08-21T10:00:00Z,price_poller
pr_000073,galaxy_s24_ultra,30140000.0,VND,Samsung Official Store,2026-08-22T10:00:00Z,price_poller
pr_000074,galaxy_s24_ultra,30590000.0,VND,Samsung Official Store,2026-08-23T10:00:00Z,price_poller
pr_000075,galaxy_s24_ultra,29220000.0,VND,Samsung Official Store,2026-08-24T10:00:00Z,price_poller
pr_000076,galaxy_s24_ultra,29270000.0,VND,Samsung Official Store,2026-08-25T10:00:00Z,price_poller
pr_000077,galaxy_s24_ultra,30470000.0,VND,Samsung Official Store,2026-08-26T10:00:00Z,price_poller
pr_000078,galaxy_s24_ultra,30320000.0,VND,Samsung Official Store,2026-08-27T10:00:00Z,price_poller
pr_000079,galaxy_s24_ultra,30380000.0,VND,Samsung Official Store,2026-08-28T10:00:00Z,price_poller
pr_000080,galaxy_s24_ultra,30400000.0,VND,Samsung Official Store,2026-08-29T10:00:00Z,price_poller
pr_000081,galaxy_s24_ultra,30370000.0,VND,Samsung Official Store,2026-08-30T10:00:00Z,price_poller
pr_000082,galaxy_s24_ultra,30170000.0,VND,Samsung Official Store,2026-08-31T10:00:00Z,price_poller
pr_000083,galaxy_s24_ultra,29950000.0,VND,Samsung Official Store,2026-09-01T10:00:00Z,price_poller
pr_000084,galaxy_s24_ultra,29130000.0,VND,Samsung Official Store,2026-09-02T10:00:00Z,price_poller
pr_000085,galaxy_s24_ultra,29650000.0,VND,Samsung Official Store,2026-09-03T10:00:00Z,price_poller
pr_000086,galaxy_s24_ultra,30820000.0,VND,Samsung Official Store,2026-09-04T10:00:00Z,price_poller
pr_000087,galaxy_s24_ultra,29940000.0,VND,Samsung Official Store,2026-09-05T10:00:00Z,price_poller
pr_000088,galaxy_s24_ultra,29480000.0,VND,Samsung Official Store,2026-09-06T10:00:00Z,price_poller
pr_000089,galaxy_s24_ultra,30530000.0,VND,Samsung Official Store,2026-09-07T10:00:00Z,price_poller
pr_000090,galaxy_s24_ultra,30280000.0,VND,Samsung Official Store,2026-09-08T10:00:00Z,price_poller
pr_000091,galaxy_s24_ultra,29720000.0,VND,Samsung Official Store,2026-09-09T10:00:00Z,price_poller
pr_000092,galaxy_s24_ultra,30340000.0,VND,Samsung Official Store,2026-09-10T10:00:00Z,price_poller
pr_000093,galaxy_s24_ultra,4500000.0,VND,Samsung Official Store,2026-09-11T10:00:00Z,price_poller
pr_000094,galaxy_s24_ultra,29640000.0,VND,Samsung Official Store,2026-09-12T10:00:00Z,price_poller
pr_000095,galaxy_s24_ultra,30160000.0,VND,Samsung Official Store,2026-09-13T10:00:00Z,price_poller
pr_000096,galaxy_s24_ultra,29720000.0,VND,Samsung Official Store,2026-09-14T10:00:00Z,price_poller
pr_000097,galaxy_s24_ultra,30140000.0,VND,Samsung Official Store,2026-09-15T10:00:00Z,price_poller
pr_000098,galaxy_s24_ultra,30860000.0,VND,Samsung Official Store,2026-09-16T10:00:00Z,price_poller
pr_000099,galaxy_s24_ultra,30170000.0,VND,Samsung Official Store,2026-09-17T10:00:00Z,price_poller
pr_000100,galaxy_s24_ultra,30660000.0,VND,Samsung Official Store,2026-09-18T10:00:00Z,price_poller
pr_000101,galaxy_s24_ultra,29540000.0,VND,Samsung Official Store,2026-09-19T10:00:00Z,price_poller
pr_000102,galaxy_s24_ultra,30220000.0,VND,Samsung Official Store,2026-09-20T10:00:00Z,price_poller
pr_000103,galaxy_s24_ultra,30010000.0,VND,Samsung Official Store,2026-09-21T10:00:00Z,price_poller
pr_000104,galaxy_s24_ultra,30670000.0,VND,Samsung Official Store,2026-09-22T10:00:00Z,price_poller
pr_000105,galaxy_s24_ultra,29250000.0,VND,Samsung Official Store,2026-09-23T10:00:00Z,price_poller
pr_000106,galaxy_s24,17770000.0,VND,Samsung Official Store,2026-08-20T10:00:00Z,price_poller
pr_000107,galaxy_s24,17670000.0,VND,Samsung Official Store,2026-08-21T10:00:00Z,price_poller
pr_000108,galaxy_s24,17990000.0,VND,Samsung Official Store,2026-08-22T10:00:00Z,price_poller
pr_000109,galaxy_s24,17640000.0,VND,Samsung Official Store,2026-08-23T10:00:00Z,price_poller
pr_000110,galaxy_s24,18150000.0,VND,Samsung Official Store,2026-08-24T10:00:00Z,price_poller
pr_000111,galaxy_s24,17720000.0,VND,Samsung Official Store,2026-08-25T10:00:00Z,price_poller
pr_000112,galaxy_s24,18300000.0,VND,Samsung Official Store,2026-08-26T10:00:00Z,price_poller
pr_000113,galaxy_s24,17480000.0,VND,Samsung Official Store,2026-08-27T10:00:00Z,price_poller
pr_000114,galaxy_s24,17850000.0,VND,Samsung Official Store,2026-08-28T10:00:00Z,price_poller
pr_000115,galaxy_s24,18220000.0,VND,Samsung Official Store,2026-08-29T10:00:00Z,price_poller
pr_000116,galaxy_s24,18010000.0,VND,Samsung Official Store,2026-08-30T10:00:00Z,price_poller
pr_000117,galaxy_s24,18320000.0,VND,Samsung Official Store,2026-08-31T10:00:00Z,price_poller
pr_000118,galaxy_s24,18070000.0,VND,Samsung Official Store,2026-09-01T10:00:00Z,price_poller
pr_000119,galaxy_s24,17930000.0,VND,Samsung Official Store,2026-09-02T10:00:00Z,price_poller
pr_000120,galaxy_s24,17920000.0,VND,Samsung Official Store,2026-09-03T10:00:00Z,price_poller
pr_000121,galaxy_s24,18430000.0,VND,Samsung Official Store,2026-09-04T10:00:00Z,price_poller
pr_000122,galaxy_s24,17820000.0,VND,Samsung Official Store,2026-09-05T10:00:00Z,price_poller
pr_000123,galaxy_s24,18480000.0,VND,Samsung Official Store,2026-09-06T10:00:00Z,price_poller
pr_000124,galaxy_s24,18420000.0,VND,Samsung Official Store,2026-09-07T10:00:00Z,price_poller
pr_000125,galaxy_s24,17870000.0,VND,Samsung Official Store,2026-09-08T10:00:00Z,price_poller
pr_000126,galaxy_s24,18030000.0,VND,Samsung Official Store,2026-09-09T10:00:00Z,price_poller
pr_000127,galaxy_s24,17890000.0,VND,Samsung Official Store,2026-09-10T10:00:00Z,price_poller
pr_000128,galaxy_s24,17710000.0,VND,Samsung Official Store,2026-09-11T10:00:00Z,price_poller
pr_000129,galaxy_s24,18300000.0,VND,Samsung Official Store,2026-09-12T10:00:00Z,price_poller
pr_000130,galaxy_s24,17970000.0,VND,Samsung Official Store,2026-09-13T10:00:00Z,price_poller
pr_000131,galaxy_s24,18100000.0,VND,Samsung Official Store,2026-09-14T10:00:00Z,price_poller
pr_000132,galaxy_s24,17530000.0,VND,Samsung Official Store,2026-09-15T10:00:00Z,price_poller
pr_000133,galaxy_s24,17930000.0,VND,Samsung Official Store,2026-09-16T10:00:00Z,price_poller
pr_000134,galaxy_s24,17870000.0,VND,Samsung Official Store,2026-09-17T10:00:00Z,price_poller
pr_000135,galaxy_s24,18170000.0,VND,Samsung Official Store,2026-09-18T10:00:00Z,price_poller
pr_000136,galaxy_s24,18020000.0,VND,Samsung Official Store,2026-09-19T10:00:00Z,price_poller
pr_000137,galaxy_s24,18330000.0,VND,Samsung Official Store,2026-09-20T10:00:00Z,price_poller
pr_000138,galaxy_s24,18410000.0,VND,Samsung Official Store,2026-09-21T10:00:00Z,price_poller
pr_000139,galaxy_s24,18480000.0,VND,Samsung Official Store,2026-09-22T10:00:00Z,price_poller
pr_000140,galaxy_s24,18410000.0,VND,Samsung Official Store,2026-09-23T10:00:00Z,price_poller
pr_000141,xiaomi_14_pro,17310000.0,VND,Xiaomi Official Store,2026-08-20T10:00:00Z,price_poller
pr_000142,xiaomi_14_pro,17210000.0,VND,Xiaomi Official Store,2026-08-21T10:00:00Z,price_poller
pr_000143,xiaomi_14_pro,16680000.0,VND,Xiaomi Official Store,2026-08-22T10:00:00Z,price_poller
pr_000144,xiaomi_14_pro,17060000.0,VND,Xiaomi Official Store,2026-08-23T10:00:00Z,price_poller
pr_000145,xiaomi_14_pro,17280000.0,VND,Xiaomi Official Store,2026-08-24T10:00:00Z,price_poller
pr_000146,xiaomi_14_pro,17450000.0,VND,Xiaomi Official Store,2026-08-25T10:00:00Z,price_poller
pr_000147,xiaomi_14_pro,16770000.0,VND,Xiaomi Official Store,2026-08-26T10:00:00Z,price_poller
pr_000148,xiaomi_14_pro,16930000.0,VND,Xiaomi Official Store,2026-08-27T10:00:00Z,price_poller
pr_000149,xiaomi_14_pro,16680000.0,VND,Xiaomi Official Store,2026-08-28T10:00:00Z,price_poller
pr_000150,xiaomi_14_pro,16840000.0,VND,Xiaomi Official Store,2026-08-29T10:00:00Z,price_poller
pr_000151,xiaomi_14_pro,16530000.0,VND,Xiaomi Official Store,2026-08-30T10:00:00Z,price_poller
pr_000152,xiaomi_14_pro,17340000.0,VND,Xiaomi Official Store,2026-08-31T10:00:00Z,price_poller
pr_000153,xiaomi_14_pro,17080000.0,VND,Xiaomi Official Store,2026-09-01T10:00:00Z,price_poller
pr_000154,xiaomi_14_pro,16850000.0,VND,Xiaomi Official Store,2026-09-02T10:00:00Z,price_poller
pr_000155,xiaomi_14_pro,16490000.0,VND,Xiaomi Official Store,2026-09-03T10:00:00Z,price_poller
pr_000156,xiaomi_14_pro,17100000.0,VND,Xiaomi Official Store,2026-09-04T10:00:00Z,price_poller
pr_000157,xiaomi_14_pro,16960000.0,VND,Xiaomi Official Store,2026-09-05T10:00:00Z,price_poller
pr_000158,xiaomi_14_pro,16970000.0,VND,Xiaomi Official Store,2026-09-06T10:00:00Z,price_poller
pr_000159,xiaomi_14_pro,16880000.0,VND,Xiaomi Official Store,2026-09-07T10:00:00Z,price_poller
pr_000160,xiaomi_14_pro,16820000.0,VND,Xiaomi Official Store,2026-09-08T10:00:00Z,price_poller
pr_000161,xiaomi_14_pro,16790000.0,VND,Xiaomi Official Store,2026-09-09T10:00:00Z,price_poller
pr_000162,xiaomi_14_pro,16630000.0,VND,Xiaomi Official Store,2026-09-10T10:00:00Z,price_poller
pr_000163,xiaomi_14_pro,16970000.0,VND,Xiaomi Official Store,2026-09-11T10:00:00Z,price_poller
pr_000164,xiaomi_14_pro,16930000.0,VND,Xiaomi Official Store,2026-09-12T10:00:00Z,price_poller
pr_000165,xiaomi_14_pro,17270000.0,VND,Xiaomi Official Store,2026-09-13T10:00:00Z,price_poller
pr_000166,xiaomi_14_pro,16770000.0,VND,Xiaomi Official Store,2026-09-14T10:00:00Z,price_poller
pr_000167,xiaomi_14_pro,16610000.0,VND,Xiaomi Official Store,2026-09-15T10:00:00Z,price_poller
pr_000168,xiaomi_14_pro,16560000.0,VND,Xiaomi Official Store,2026-09-16T10:00:00Z,price_poller
pr_000169,xiaomi_14_pro,17410000.0,VND,Xiaomi Official Store,2026-09-17T10:00:00Z,price_poller
pr_000170,xiaomi_14_pro,16870000.0,VND,Xiaomi Official Store,2026-09-18T10:00:00Z,price_poller
pr_000171,xiaomi_14_pro,17440000.0,VND,Xiaomi Official Store,2026-09-19T10:00:00Z,price_poller
pr_000172,xiaomi_14_pro,17370000.0,VND,Xiaomi Official Store,2026-09-20T10:00:00Z,price_poller
pr_000173,xiaomi_14_pro,16890000.0,VND,Xiaomi Official Store,2026-09-21T10:00:00Z,price_poller
pr_000174,xiaomi_14_pro,17200000.0,VND,Xiaomi Official Store,2026-09-22T10:00:00Z,price_poller
pr_000175,xiaomi_14_pro,16880000.0,VND,Xiaomi Official Store,2026-09-23T10:00:00Z,price_poller
pr_000176,pixel_8_pro,18260000.0,VND,Google Official Store,2026-08-20T10:00:00Z,price_poller
pr_000177,pixel_8_pro,18100000.0,VND,Google Official Store,2026-08-21T10:00:00Z,price_poller
pr_000178,pixel_8_pro,19030000.0,VND,Google Official Store,2026-08-22T10:00:00Z,price_poller
pr_000179,pixel_8_pro,18180000.0,VND,Google Official Store,2026-08-23T10:00:00Z,price_poller
pr_000180,pixel_8_pro,18250000.0,VND,Google Official Store,2026-08-24T10:00:00Z,price_poller
pr_000181,pixel_8_pro,18550000.0,VND,Google Official Store,2026-08-25T10:00:00Z,price_poller
pr_000182,pixel_8_pro,18500000.0,VND,Google Official Store,2026-08-26T10:00:00Z,price_poller
pr_000183,pixel_8_pro,18660000.0,VND,Google Official Store,2026-08-27T10:00:00Z,price_poller
pr_000184,pixel_8_pro,18140000.0,VND,Google Official Store,2026-08-28T10:00:00Z,price_poller
pr_000185,pixel_8_pro,18370000.0,VND,Google Official Store,2026-08-29T10:00:00Z,price_poller
pr_000186,pixel_8_pro,18910000.0,VND,Google Official Store,2026-08-30T10:00:00Z,price_poller
pr_000187,pixel_8_pro,18790000.0,VND,Google Official Store,2026-08-31T10:00:00Z,price_poller
pr_000188,pixel_8_pro,18600000.0,VND,Google Official Store,2026-09-01T10:00:00Z,price_poller
pr_000189,pixel_8_pro,18070000.0,VND,Google Official Store,2026-09-02T10:00:00Z,price_poller
pr_000190,pixel_8_pro,17960000.0,VND,Google Official Store,2026-09-03T10:00:00Z,price_poller
pr_000191,pixel_8_pro,18600000.0,VND,Google Official Store,2026-09-04T10:00:00Z,price_poller
pr_000192,pixel_8_pro,18690000.0,VND,Google Official Store,2026-09-05T10:00:00Z,price_poller
pr_000193,pixel_8_pro,18590000.0,VND,Google Official Store,2026-09-06T10:00:00Z,price_poller
pr_000194,pixel_8_pro,18510000.0,VND,Google Official Store,2026-09-07T10:00:00Z,price_poller
pr_000195,pixel_8_pro,18840000.0,VND,Google Official Store,2026-09-08T10:00:00Z,price_poller
pr_000196,pixel_8_pro,18980000.0,VND,Google Official Store,2026-09-09T10:00:00Z,price_poller
pr_000197,pixel_8_pro,18590000.0,VND,Google Official Store,2026-09-10T10:00:00Z,price_poller
pr_000198,pixel_8_pro,18440000.0,VND,Google Official Store,2026-09-11T10:00:00Z,price_poller
pr_000199,pixel_8_pro,18640000.0,VND,Google Official Store,2026-09-12T10:00:00Z,price_poller
pr_000200,pixel_8_pro,18500000.0,VND,Google Official Store,2026-09-13T10:00:00Z,price_poller
pr_000201,pixel_8_pro,18200000.0,VND,Google Official Store,2026-09-14T10:00:00Z,price_poller
pr_000202,pixel_8_pro,18770000.0,VND,Google Official Store,2026-09-15T10:00:00Z,price_poller
pr_000203,pixel_8_pro,18410000.0,VND,Google Official Store,2026-09-16T10:00:00Z,price_poller
pr_000204,pixel_8_pro,18660000.0,VND,Google Official Store,2026-09-17T10:00:00Z,price_poller
pr_000205,pixel_8_pro,18720000.0,VND,Google Official Store,2026-09-18T10:00:00Z,price_poller
pr_000206,pixel_8_pro,18110000.0,VND,Google Official Store,2026-09-19T10:00:00Z,price_poller
pr_000207,pixel_8_pro,18650000.0,VND,Google Official Store,2026-09-20T10:00:00Z,price_poller
pr_000208,pixel_8_pro,18790000.0,VND,Google Official Store,2026-09-21T10:00:00Z,price_poller
pr_000209,pixel_8_pro,18200000.0,VND,Google Official Store,2026-09-22T10:00:00Z,price_poller
pr_000210,pixel_8_pro,19010000.0,VND,Google Official Store,2026-09-23T10:00:00Z,price_poller
pr_000211,rog_phone_8,25710000.0,VND,Asus Official Store,2026-08-20T10:00:00Z,price_poller
pr_000212,rog_phone_8,25690000.0,VND,Asus Official Store,2026-08-21T10:00:00Z,price_poller
pr_000213,rog_phone_8,24870000.0,VND,Asus Official Store,2026-08-22T10:00:00Z,price_poller
pr_000214,rog_phone_8,24300000.0,VND,Asus Official Store,2026-08-23T10:00:00Z,price_poller
pr_000215,rog_phone_8,24850000.0,VND,Asus Official Store,2026-08-24T10:00:00Z,price_poller
pr_000216,rog_phone_8,25110000.0,VND,Asus Official Store,2026-08-25T10:00:00Z,price_poller
pr_000217,rog_phone_8,25420000.0,VND,Asus Official Store,2026-08-26T10:00:00Z,price_poller
pr_000218,rog_phone_8,25200000.0,VND,Asus Official Store,2026-08-27T10:00:00Z,price_poller
pr_000219,rog_phone_8,25390000.0,VND,Asus Official Store,2026-08-28T10:00:00Z,price_poller
pr_000220,rog_phone_8,24830000.0,VND,Asus Official Store,2026-08-29T10:00:00Z,price_poller
pr_000221,rog_phone_8,24850000.0,VND,Asus Official Store,2026-08-30T10:00:00Z,price_poller
pr_000222,rog_phone_8,25510000.0,VND,Asus Official Store,2026-08-31T10:00:00Z,price_poller
pr_000223,rog_phone_8,24550000.0,VND,Asus Official Store,2026-09-01T10:00:00Z,price_poller
pr_000224,rog_phone_8,25350000.0,VND,Asus Official Store,2026-09-02T10:00:00Z,price_poller
pr_000225,rog_phone_8,25030000.0,VND,Asus Official Store,2026-09-03T10:00:00Z,price_poller
pr_000226,rog_phone_8,25220000.0,VND,Asus Official Store,2026-09-04T10:00:00Z,price_poller
pr_000227,rog_phone_8,25340000.0,VND,Asus Official Store,2026-09-05T10:00:00Z,price_poller
pr_000228,rog_phone_8,24950000.0,VND,Asus Official Store,2026-09-06T10:00:00Z,price_poller
pr_000229,rog_phone_8,25370000.0,VND,Asus Official Store,2026-09-07T10:00:00Z,price_poller
pr_000230,rog_phone_8,25070000.0,VND,Asus Official Store,2026-09-08T10:00:00Z,price_poller
pr_000231,rog_phone_8,25300000.0,VND,Asus Official Store,2026-09-09T10:00:00Z,price_poller
pr_000232,rog_phone_8,25250000.0,VND,Asus Official Store,2026-09-10T10:00:00Z,price_poller
pr_000233,rog_phone_8,24770000.0,VND,Asus Official Store,2026-09-11T10:00:00Z,price_poller
pr_000234,rog_phone_8,24450000.0,VND,Asus Official Store,2026-09-12T10:00:00Z,price_poller
pr_000235,rog_phone_8,24420000.0,VND,Asus Official Store,2026-09-13T10:00:00Z,price_poller
pr_000236,rog_phone_8,25620000.0,VND,Asus Official Store,2026-09-14T10:00:00Z,price_poller
pr_000237,rog_phone_8,24810000.0,VND,Asus Official Store,2026-09-15T10:00:00Z,price_poller
pr_000238,rog_phone_8,25320000.0,VND,Asus Official Store,2026-09-16T10:00:00Z,price_poller
pr_000239,rog_phone_8,25120000.0,VND,Asus Official Store,2026-09-17T10:00:00Z,price_poller
pr_000240,rog_phone_8,25050000.0,VND,Asus Official Store,2026-09-18T10:00:00Z,price_poller
pr_000241,rog_phone_8,25420000.0,VND,Asus Official Store,2026-09-19T10:00:00Z,price_poller
pr_000242,rog_phone_8,24430000.0,VND,Asus Official Store,2026-09-20T10:00:00Z,price_poller
pr_000243,rog_phone_8,24560000.0,VND,Asus Official Store,2026-09-21T10:00:00Z,price_poller
pr_000244,rog_phone_8,24340000.0,VND,Asus Official Store,2026-09-22T10:00:00Z,price_poller
pr_000245,rog_phone_8,25550000.0,VND,Asus Official Store,2026-09-23T10:00:00Z,price_poller
pr_000246,macbook_pro_m3,40530000.0,VND,Apple Official Store,2026-08-20T10:00:00Z,price_poller
pr_000247,macbook_pro_m3,39810000.0,VND,Apple Official Store,2026-08-21T10:00:00Z,price_poller
pr_000248,macbook_pro_m3,40020000.0,VND,Apple Official Store,2026-08-22T10:00:00Z,price_poller
pr_000249,macbook_pro_m3,40450000.0,VND,Apple Official Store,2026-08-23T10:00:00Z,price_poller
pr_000250,macbook_pro_m3,40510000.0,VND,Apple Official Store,2026-08-24T10:00:00Z,price_poller
pr_000251,macbook_pro_m3,40080000.0,VND,Apple Official Store,2026-08-25T10:00:00Z,price_poller
pr_000252,macbook_pro_m3,39790000.0,VND,Apple Official Store,2026-08-26T10:00:00Z,price_poller
pr_000253,macbook_pro_m3,40260000.0,VND,Apple Official Store,2026-08-27T10:00:00Z,price_poller
pr_000254,macbook_pro_m3,39600000.0,VND,Apple Official Store,2026-08-28T10:00:00Z,price_poller
pr_000255,macbook_pro_m3,39640000.0,VND,Apple Official Store,2026-08-29T10:00:00Z,price_poller
pr_000256,macbook_pro_m3,39250000.0,VND,Apple Official Store,2026-08-30T10:00:00Z,price_poller
pr_000257,macbook_pro_m3,39350000.0,VND,Apple Official Store,2026-08-31T10:00:00Z,price_poller
pr_000258,macbook_pro_m3,39890000.0,VND,Apple Official Store,2026-09-01T10:00:00Z,price_poller
pr_000259,macbook_pro_m3,40730000.0,VND,Apple Official Store,2026-09-02T10:00:00Z,price_poller
pr_000260,macbook_pro_m3,38910000.0,VND,Apple Official Store,2026-09-03T10:00:00Z,price_poller
pr_000261,macbook_pro_m3,40150000.0,VND,Apple Official Store,2026-09-04T10:00:00Z,price_poller
pr_000262,macbook_pro_m3,40540000.0,VND,Apple Official Store,2026-09-05T10:00:00Z,price_poller
pr_000263,macbook_pro_m3,39350000.0,VND,Apple Official Store,2026-09-06T10:00:00Z,price_poller
pr_000264,macbook_pro_m3,38890000.0,VND,Apple Official Store,2026-09-07T10:00:00Z,price_poller
pr_000265,macbook_pro_m3,39450000.0,VND,Apple Official Store,2026-09-08T10:00:00Z,price_poller
pr_000266,macbook_pro_m3,39180000.0,VND,Apple Official Store,2026-09-09T10:00:00Z,price_poller
pr_000267,macbook_pro_m3,39230000.0,VND,Apple Official Store,2026-09-10T10:00:00Z,price_poller
pr_000268,macbook_pro_m3,39900000.0,VND,Apple Official Store,2026-09-11T10:00:00Z,price_poller
pr_000269,macbook_pro_m3,39250000.0,VND,Apple Official Store,2026-09-12T10:00:00Z,price_poller
pr_000270,macbook_pro_m3,40170000.0,VND,Apple Official Store,2026-09-13T10:00:00Z,price_poller
pr_000271,macbook_pro_m3,40200000.0,VND,Apple Official Store,2026-09-14T10:00:00Z,price_poller
pr_000272,macbook_pro_m3,39850000.0,VND,Apple Official Store,2026-09-15T10:00:00Z,price_poller
pr_000273,macbook_pro_m3,39780000.0,VND,Apple Official Store,2026-09-16T10:00:00Z,price_poller
pr_000274,macbook_pro_m3,41170000.0,VND,Apple Official Store,2026-09-17T10:00:00Z,price_poller
pr_000275,macbook_pro_m3,38830000.0,VND,Apple Official Store,2026-09-18T10:00:00Z,price_poller
pr_000276,macbook_pro_m3,39720000.0,VND,Apple Official Store,2026-09-19T10:00:00Z,price_poller
pr_000277,macbook_pro_m3,39810000.0,VND,Apple Official Store,2026-09-20T10:00:00Z,price_poller
pr_000278,macbook_pro_m3,40160000.0,VND,Apple Official Store,2026-09-21T10:00:00Z,price_poller
pr_000279,macbook_pro_m3,39840000.0,VND,Apple Official Store,2026-09-22T10:00:00Z,price_poller
pr_000280,macbook_pro_m3,39630000.0,VND,Apple Official Store,2026-09-23T10:00:00Z,price_poller
pr_000281,macbook_air_m3,27920000.0,VND,Apple Official Store,2026-08-20T10:00:00Z,price_poller
pr_000282,macbook_air_m3,28250000.0,VND,Apple Official Store,2026-08-21T10:00:00Z,price_poller
pr_000283,macbook_air_m3,27080000.0,VND,Apple Official Store,2026-08-22T10:00:00Z,price_poller
pr_000284,macbook_air_m3,28080000.0,VND,Apple Official Store,2026-08-23T10:00:00Z,price_poller
pr_000285,macbook_air_m3,27870000.0,VND,Apple Official Store,2026-08-24T10:00:00Z,price_poller
pr_000286,macbook_air_m3,28100000.0,VND,Apple Official Store,2026-08-25T10:00:00Z,price_poller
pr_000287,macbook_air_m3,27590000.0,VND,Apple Official Store,2026-08-26T10:00:00Z,price_poller
pr_000288,macbook_air_m3,28140000.0,VND,Apple Official Store,2026-08-27T10:00:00Z,price_poller
pr_000289,macbook_air_m3,28100000.0,VND,Apple Official Store,2026-08-28T10:00:00Z,price_poller
pr_000290,macbook_air_m3,28130000.0,VND,Apple Official Store,2026-08-29T10:00:00Z,price_poller
pr_000291,macbook_air_m3,26790000.0,VND,Apple Official Store,2026-08-30T10:00:00Z,price_poller
pr_000292,macbook_air_m3,27530000.0,VND,Apple Official Store,2026-08-31T10:00:00Z,price_poller
pr_000293,macbook_air_m3,28010000.0,VND,Apple Official Store,2026-09-01T10:00:00Z,price_poller
pr_000294,macbook_air_m3,27040000.0,VND,Apple Official Store,2026-09-02T10:00:00Z,price_poller
pr_000295,macbook_air_m3,27730000.0,VND,Apple Official Store,2026-09-03T10:00:00Z,price_poller
pr_000296,macbook_air_m3,27950000.0,VND,Apple Official Store,2026-09-04T10:00:00Z,price_poller
pr_000297,macbook_air_m3,27400000.0,VND,Apple Official Store,2026-09-05T10:00:00Z,price_poller
pr_000298,macbook_air_m3,27760000.0,VND,Apple Official Store,2026-09-06T10:00:00Z,price_poller
pr_000299,macbook_air_m3,27580000.0,VND,Apple Official Store,2026-09-07T10:00:00Z,price_poller
pr_000300,macbook_air_m3,27120000.0,VND,Apple Official Store,2026-09-08T10:00:00Z,price_poller
pr_000301,macbook_air_m3,27050000.0,VND,Apple Official Store,2026-09-09T10:00:00Z,price_poller
pr_000302,macbook_air_m3,27090000.0,VND,Apple Official Store,2026-09-10T10:00:00Z,price_poller
pr_000303,macbook_air_m3,27290000.0,VND,Apple Official Store,2026-09-11T10:00:00Z,price_poller
pr_000304,macbook_air_m3,27070000.0,VND,Apple Official Store,2026-09-12T10:00:00Z,price_poller
pr_000305,macbook_air_m3,26750000.0,VND,Apple Official Store,2026-09-13T10:00:00Z,price_poller
pr_000306,macbook_air_m3,26770000.0,VND,Apple Official Store,2026-09-14T10:00:00Z,price_poller
pr_000307,macbook_air_m3,27420000.0,VND,Apple Official Store,2026-09-15T10:00:00Z,price_poller
pr_000308,macbook_air_m3,28290000.0,VND,Apple Official Store,2026-09-16T10:00:00Z,price_poller
pr_000309,macbook_air_m3,26980000.0,VND,Apple Official Store,2026-09-17T10:00:00Z,price_poller
pr_000310,macbook_air_m3,27290000.0,VND,Apple Official Store,2026-09-18T10:00:00Z,price_poller
pr_000311,macbook_air_m3,26690000.0,VND,Apple Official Store,2026-09-19T10:00:00Z,price_poller
pr_000312,macbook_air_m3,26910000.0,VND,Apple Official Store,2026-09-20T10:00:00Z,price_poller
pr_000313,macbook_air_m3,26730000.0,VND,Apple Official Store,2026-09-21T10:00:00Z,price_poller
pr_000314,macbook_air_m3,26960000.0,VND,Apple Official Store,2026-09-22T10:00:00Z,price_poller
pr_000315,macbook_air_m3,27090000.0,VND,Apple Official Store,2026-09-23T10:00:00Z,price_poller
pr_000316,dell_xps_15,44880000.0,VND,Dell Official Store,2026-08-20T10:00:00Z,price_poller
pr_000317,dell_xps_15,44700000.0,VND,Dell Official Store,2026-08-21T10:00:00Z,price_poller
pr_000318,dell_xps_15,45530000.0,VND,Dell Official Store,2026-08-22T10:00:00Z,price_poller
pr_000319,dell_xps_15,47210000.0,VND,Dell Official Store,2026-08-23T10:00:00Z,price_poller
pr_000320,dell_xps_15,45710000.0,VND,Dell Official Store,2026-08-24T10:00:00Z,price_poller
pr_000321,dell_xps_15,46970000.0,VND,Dell Official Store,2026-08-25T10:00:00Z,price_poller
pr_000322,dell_xps_15,45720000.0,VND,Dell Official Store,2026-08-26T10:00:00Z,price_poller
pr_000323,dell_xps_15,44750000.0,VND,Dell Official Store,2026-08-27T10:00:00Z,price_poller
pr_000324,dell_xps_15,45660000.0,VND,Dell Official Store,2026-08-28T10:00:00Z,price_poller
pr_000325,dell_xps_15,45610000.0,VND,Dell Official Store,2026-08-29T10:00:00Z,price_poller
pr_000326,dell_xps_15,45790000.0,VND,Dell Official Store,2026-08-30T10:00:00Z,price_poller
pr_000327,dell_xps_15,46340000.0,VND,Dell Official Store,2026-08-31T10:00:00Z,price_poller
pr_000328,dell_xps_15,44750000.0,VND,Dell Official Store,2026-09-01T10:00:00Z,price_poller
pr_000329,dell_xps_15,44720000.0,VND,Dell Official Store,2026-09-02T10:00:00Z,price_poller
pr_000330,dell_xps_15,45660000.0,VND,Dell Official Store,2026-09-03T10:00:00Z,price_poller
pr_000331,dell_xps_15,45540000.0,VND,Dell Official Store,2026-09-04T10:00:00Z,price_poller
pr_000332,dell_xps_15,44970000.0,VND,Dell Official Store,2026-09-05T10:00:00Z,price_poller
pr_000333,dell_xps_15,47010000.0,VND,Dell Official Store,2026-09-06T10:00:00Z,price_poller
pr_000334,dell_xps_15,45570000.0,VND,Dell Official Store,2026-09-07T10:00:00Z,price_poller
pr_000335,dell_xps_15,46000000.0,VND,Dell Official Store,2026-09-08T10:00:00Z,price_poller
pr_000336,dell_xps_15,46320000.0,VND,Dell Official Store,2026-09-09T10:00:00Z,price_poller
pr_000337,dell_xps_15,47330000.0,VND,Dell Official Store,2026-09-10T10:00:00Z,price_poller
pr_000338,dell_xps_15,44730000.0,VND,Dell Official Store,2026-09-11T10:00:00Z,price_poller
pr_000339,dell_xps_15,45450000.0,VND,Dell Official Store,2026-09-12T10:00:00Z,price_poller
pr_000340,dell_xps_15,47290000.0,VND,Dell Official Store,2026-09-13T10:00:00Z,price_poller
pr_000341,dell_xps_15,47310000.0,VND,Dell Official Store,2026-09-14T10:00:00Z,price_poller
pr_000342,dell_xps_15,47000000.0,VND,Dell Official Store,2026-09-15T10:00:00Z,price_poller
pr_000343,dell_xps_15,47360000.0,VND,Dell Official Store,2026-09-16T10:00:00Z,price_poller
pr_000344,dell_xps_15,46380000.0,VND,Dell Official Store,2026-09-17T10:00:00Z,price_poller
pr_000345,dell_xps_15,44770000.0,VND,Dell Official Store,2026-09-18T10:00:00Z,price_poller
pr_000346,dell_xps_15,47360000.0,VND,Dell Official Store,2026-09-19T10:00:00Z,price_poller
pr_000347,dell_xps_15,47150000.0,VND,Dell Official Store,2026-09-20T10:00:00Z,price_poller
pr_000348,dell_xps_15,46610000.0,VND,Dell Official Store,2026-09-21T10:00:00Z,price_poller
pr_000349,dell_xps_15,45460000.0,VND,Dell Official Store,2026-09-22T10:00:00Z,price_poller
pr_000350,dell_xps_15,46730000.0,VND,Dell Official Store,2026-09-23T10:00:00Z,price_poller
pr_000351,thinkpad_x1_carbon,38040000.0,VND,Lenovo Official Store,2026-08-20T10:00:00Z,price_poller
pr_000352,thinkpad_x1_carbon,39510000.0,VND,Lenovo Official Store,2026-08-21T10:00:00Z,price_poller
pr_000353,thinkpad_x1_carbon,38890000.0,VND,Lenovo Official Store,2026-08-22T10:00:00Z,price_poller
pr_000354,thinkpad_x1_carbon,38230000.0,VND,Lenovo Official Store,2026-08-23T10:00:00Z,price_poller
pr_000355,thinkpad_x1_carbon,38760000.0,VND,Lenovo Official Store,2026-08-24T10:00:00Z,price_poller
pr_000356,thinkpad_x1_carbon,38380000.0,VND,Lenovo Official Store,2026-08-25T10:00:00Z,price_poller
pr_000357,thinkpad_x1_carbon,38750000.0,VND,Lenovo Official Store,2026-08-26T10:00:00Z,price_poller
pr_000358,thinkpad_x1_carbon,39860000.0,VND,Lenovo Official Store,2026-08-27T10:00:00Z,price_poller
pr_000359,thinkpad_x1_carbon,38100000.0,VND,Lenovo Official Store,2026-08-28T10:00:00Z,price_poller
pr_000360,thinkpad_x1_carbon,39680000.0,VND,Lenovo Official Store,2026-08-29T10:00:00Z,price_poller
pr_000361,thinkpad_x1_carbon,37980000.0,VND,Lenovo Official Store,2026-08-30T10:00:00Z,price_poller
pr_000362,thinkpad_x1_carbon,38460000.0,VND,Lenovo Official Store,2026-08-31T10:00:00Z,price_poller
pr_000363,thinkpad_x1_carbon,38110000.0,VND,Lenovo Official Store,2026-09-01T10:00:00Z,price_poller
pr_000364,thinkpad_x1_carbon,38720000.0,VND,Lenovo Official Store,2026-09-02T10:00:00Z,price_poller
pr_000365,thinkpad_x1_carbon,39210000.0,VND,Lenovo Official Store,2026-09-03T10:00:00Z,price_poller
pr_000366,thinkpad_x1_carbon,38100000.0,VND,Lenovo Official Store,2026-09-04T10:00:00Z,price_poller
pr_000367,thinkpad_x1_carbon,39280000.0,VND,Lenovo Official Store,2026-09-05T10:00:00Z,price_poller
pr_000368,thinkpad_x1_carbon,38570000.0,VND,Lenovo Official Store,2026-09-06T10:00:00Z,price_poller
pr_000369,thinkpad_x1_carbon,39870000.0,VND,Lenovo Official Store,2026-09-07T10:00:00Z,price_poller
pr_000370,thinkpad_x1_carbon,39400000.0,VND,Lenovo Official Store,2026-09-08T10:00:00Z,price_poller
pr_000371,thinkpad_x1_carbon,39960000.0,VND,Lenovo Official Store,2026-09-09T10:00:00Z,price_poller
pr_000372,thinkpad_x1_carbon,39920000.0,VND,Lenovo Official Store,2026-09-10T10:00:00Z,price_poller
pr_000373,thinkpad_x1_carbon,38550000.0,VND,Lenovo Official Store,2026-09-11T10:00:00Z,price_poller
pr_000374,thinkpad_x1_carbon,39150000.0,VND,Lenovo Official Store,2026-09-12T10:00:00Z,price_poller
pr_000375,thinkpad_x1_carbon,39040000.0,VND,Lenovo Official Store,2026-09-13T10:00:00Z,price_poller
pr_000376,thinkpad_x1_carbon,38440000.0,VND,Lenovo Official Store,2026-09-14T10:00:00Z,price_poller
pr_000377,thinkpad_x1_carbon,39130000.0,VND,Lenovo Official Store,2026-09-15T10:00:00Z,price_poller
pr_000378,thinkpad_x1_carbon,38130000.0,VND,Lenovo Official Store,2026-09-16T10:00:00Z,price_poller
pr_000379,thinkpad_x1_carbon,38350000.0,VND,Lenovo Official Store,2026-09-17T10:00:00Z,price_poller
pr_000380,thinkpad_x1_carbon,39750000.0,VND,Lenovo Official Store,2026-09-18T10:00:00Z,price_poller
pr_000381,thinkpad_x1_carbon,39620000.0,VND,Lenovo Official Store,2026-09-19T10:00:00Z,price_poller
pr_000382,thinkpad_x1_carbon,38100000.0,VND,Lenovo Official Store,2026-09-20T10:00:00Z,price_poller
pr_000383,thinkpad_x1_carbon,39260000.0,VND,Lenovo Official Store,2026-09-21T10:00:00Z,price_poller
pr_000384,thinkpad_x1_carbon,38490000.0,VND,Lenovo Official Store,2026-09-22T10:00:00Z,price_poller
pr_000385,thinkpad_x1_carbon,39010000.0,VND,Lenovo Official Store,2026-09-23T10:00:00Z,price_poller
pr_000386,ipad_pro_m4,29720000.0,VND,Apple Official Store,2026-08-20T10:00:00Z,price_poller
pr_000387,ipad_pro_m4,29530000.0,VND,Apple Official Store,2026-08-21T10:00:00Z,price_poller
pr_000388,ipad_pro_m4,28490000.0,VND,Apple Official Store,2026-08-22T10:00:00Z,price_poller
pr_000389,ipad_pro_m4,29170000.0,VND,Apple Official Store,2026-08-23T10:00:00Z,price_poller
pr_000390,ipad_pro_m4,28680000.0,VND,Apple Official Store,2026-08-24T10:00:00Z,price_poller
pr_000391,ipad_pro_m4,28610000.0,VND,Apple Official Store,2026-08-25T10:00:00Z,price_poller
pr_000392,ipad_pro_m4,28580000.0,VND,Apple Official Store,2026-08-26T10:00:00Z,price_poller
pr_000393,ipad_pro_m4,29370000.0,VND,Apple Official Store,2026-08-27T10:00:00Z,price_poller
pr_000394,ipad_pro_m4,28310000.0,VND,Apple Official Store,2026-08-28T10:00:00Z,price_poller
pr_000395,ipad_pro_m4,28680000.0,VND,Apple Official Store,2026-08-29T10:00:00Z,price_poller
pr_000396,ipad_pro_m4,28400000.0,VND,Apple Official Store,2026-08-30T10:00:00Z,price_poller
pr_000397,ipad_pro_m4,28160000.0,VND,Apple Official Store,2026-08-31T10:00:00Z,price_poller
pr_000398,ipad_pro_m4,28280000.0,VND,Apple Official Store,2026-09-01T10:00:00Z,price_poller
pr_000399,ipad_pro_m4,28820000.0,VND,Apple Official Store,2026-09-02T10:00:00Z,price_poller
pr_000400,ipad_pro_m4,28660000.0,VND,Apple Official Store,2026-09-03T10:00:00Z,price_poller
pr_000401,ipad_pro_m4,28920000.0,VND,Apple Official Store,2026-09-04T10:00:00Z,price_poller
pr_000402,ipad_pro_m4,28530000.0,VND,Apple Official Store,2026-09-05T10:00:00Z,price_poller
pr_000403,ipad_pro_m4,28610000.0,VND,Apple Official Store,2026-09-06T10:00:00Z,price_poller
pr_000404,ipad_pro_m4,29090000.0,VND,Apple Official Store,2026-09-07T10:00:00Z,price_poller
pr_000405,ipad_pro_m4,29850000.0,VND,Apple Official Store,2026-09-08T10:00:00Z,price_poller
pr_000406,ipad_pro_m4,28560000.0,VND,Apple Official Store,2026-09-09T10:00:00Z,price_poller
pr_000407,ipad_pro_m4,28570000.0,VND,Apple Official Store,2026-09-10T10:00:00Z,price_poller
pr_000408,ipad_pro_m4,28950000.0,VND,Apple Official Store,2026-09-11T10:00:00Z,price_poller
pr_000409,ipad_pro_m4,29100000.0,VND,Apple Official Store,2026-09-12T10:00:00Z,price_poller
pr_000410,ipad_pro_m4,28160000.0,VND,Apple Official Store,2026-09-13T10:00:00Z,price_poller
pr_000411,ipad_pro_m4,29560000.0,VND,Apple Official Store,2026-09-14T10:00:00Z,price_poller
pr_000412,ipad_pro_m4,28710000.0,VND,Apple Official Store,2026-09-15T10:00:00Z,price_poller
pr_000413,ipad_pro_m4,29190000.0,VND,Apple Official Store,2026-09-16T10:00:00Z,price_poller
pr_000414,ipad_pro_m4,29630000.0,VND,Apple Official Store,2026-09-17T10:00:00Z,price_poller
pr_000415,ipad_pro_m4,29850000.0,VND,Apple Official Store,2026-09-18T10:00:00Z,price_poller
pr_000416,ipad_pro_m4,28180000.0,VND,Apple Official Store,2026-09-19T10:00:00Z,price_poller
pr_000417,ipad_pro_m4,29220000.0,VND,Apple Official Store,2026-09-20T10:00:00Z,price_poller
pr_000418,ipad_pro_m4,29210000.0,VND,Apple Official Store,2026-09-21T10:00:00Z,price_poller
pr_000419,ipad_pro_m4,29130000.0,VND,Apple Official Store,2026-09-22T10:00:00Z,price_poller
pr_000420,ipad_pro_m4,29590000.0,VND,Apple Official Store,2026-09-23T10:00:00Z,price_poller
pr_000421,galaxy_tab_s9,16200000.0,VND,Samsung Official Store,2026-08-20T10:00:00Z,price_poller
pr_000422,galaxy_tab_s9,16790000.0,VND,Samsung Official Store,2026-08-21T10:00:00Z,price_poller
pr_000423,galaxy_tab_s9,16010000.0,VND,Samsung Official Store,2026-08-22T10:00:00Z,price_poller
pr_000424,galaxy_tab_s9,16100000.0,VND,Samsung Official Store,2026-08-23T10:00:00Z,price_poller
pr_000425,galaxy_tab_s9,16570000.0,VND,Samsung Official Store,2026-08-24T10:00:00Z,price_poller
pr_000426,galaxy_tab_s9,16780000.0,VND,Samsung Official Store,2026-08-25T10:00:00Z,price_poller
pr_000427,galaxy_tab_s9,16470000.0,VND,Samsung Official Store,2026-08-26T10:00:00Z,price_poller
pr_000428,galaxy_tab_s9,16680000.0,VND,Samsung Official Store,2026-08-27T10:00:00Z,price_poller
pr_000429,galaxy_tab_s9,16590000.0,VND,Samsung Official Store,2026-08-28T10:00:00Z,price_poller
pr_000430,galaxy_tab_s9,16220000.0,VND,Samsung Official Store,2026-08-29T10:00:00Z,price_poller
pr_000431,galaxy_tab_s9,16130000.0,VND,Samsung Official Store,2026-08-30T10:00:00Z,price_poller
pr_000432,galaxy_tab_s9,16370000.0,VND,Samsung Official Store,2026-08-31T10:00:00Z,price_poller
pr_000433,galaxy_tab_s9,16390000.0,VND,Samsung Official Store,2026-09-01T10:00:00Z,price_poller
pr_000434,galaxy_tab_s9,16910000.0,VND,Samsung Official Store,2026-09-02T10:00:00Z,price_poller
pr_000435,galaxy_tab_s9,16110000.0,VND,Samsung Official Store,2026-09-03T10:00:00Z,price_poller
pr_000436,galaxy_tab_s9,16170000.0,VND,Samsung Official Store,2026-09-04T10:00:00Z,price_poller
pr_000437,galaxy_tab_s9,16040000.0,VND,Samsung Official Store,2026-09-05T10:00:00Z,price_poller
pr_000438,galaxy_tab_s9,16380000.0,VND,Samsung Official Store,2026-09-06T10:00:00Z,price_poller
pr_000439,galaxy_tab_s9,16590000.0,VND,Samsung Official Store,2026-09-07T10:00:00Z,price_poller
pr_000440,galaxy_tab_s9,16660000.0,VND,Samsung Official Store,2026-09-08T10:00:00Z,price_poller
pr_000441,galaxy_tab_s9,16750000.0,VND,Samsung Official Store,2026-09-09T10:00:00Z,price_poller
pr_000442,galaxy_tab_s9,16010000.0,VND,Samsung Official Store,2026-09-10T10:00:00Z,price_poller
pr_000443,galaxy_tab_s9,16960000.0,VND,Samsung Official Store,2026-09-11T10:00:00Z,price_poller
pr_000444,galaxy_tab_s9,16700000.0,VND,Samsung Official Store,2026-09-12T10:00:00Z,price_poller
pr_000445,galaxy_tab_s9,16600000.0,VND,Samsung Official Store,2026-09-13T10:00:00Z,price_poller
pr_000446,galaxy_tab_s9,16430000.0,VND,Samsung Official Store,2026-09-14T10:00:00Z,price_poller
pr_000447,galaxy_tab_s9,16970000.0,VND,Samsung Official Store,2026-09-15T10:00:00Z,price_poller
pr_000448,galaxy_tab_s9,16820000.0,VND,Samsung Official Store,2026-09-16T10:00:00Z,price_poller
pr_000449,galaxy_tab_s9,16490000.0,VND,Samsung Official Store,2026-09-17T10:00:00Z,price_poller
pr_000450,galaxy_tab_s9,16670000.0,VND,Samsung Official Store,2026-09-18T10:00:00Z,price_poller
pr_000451,galaxy_tab_s9,16020000.0,VND,Samsung Official Store,2026-09-19T10:00:00Z,price_poller
pr_000452,galaxy_tab_s9,16940000.0,VND,Samsung Official Store,2026-09-20T10:00:00Z,price_poller
pr_000453,galaxy_tab_s9,16520000.0,VND,Samsung Official Store,2026-09-21T10:00:00Z,price_poller
pr_000454,galaxy_tab_s9,16540000.0,VND,Samsung Official Store,2026-09-22T10:00:00Z,price_poller
pr_000455,galaxy_tab_s9,16200000.0,VND,Samsung Official Store,2026-09-23T10:00:00Z,price_poller
pr_000456,sony_wh1000xm5,7780000.0,VND,Sony Official Store,2026-08-20T10:00:00Z,price_poller
pr_000457,sony_wh1000xm5,7820000.0,VND,Sony Official Store,2026-08-21T10:00:00Z,price_poller
pr_000458,sony_wh1000xm5,7980000.0,VND,Sony Official Store,2026-08-22T10:00:00Z,price_poller
pr_000459,sony_wh1000xm5,7820000.0,VND,Sony Official Store,2026-08-23T10:00:00Z,price_poller
pr_000460,sony_wh1000xm5,8140000.0,VND,Sony Official Store,2026-08-24T10:00:00Z,price_poller
pr_000461,sony_wh1000xm5,8020000.0,VND,Sony Official Store,2026-08-25T10:00:00Z,price_poller
pr_000462,sony_wh1000xm5,7940000.0,VND,Sony Official Store,2026-08-26T10:00:00Z,price_poller
pr_000463,sony_wh1000xm5,7910000.0,VND,Sony Official Store,2026-08-27T10:00:00Z,price_poller
pr_000464,sony_wh1000xm5,8110000.0,VND,Sony Official Store,2026-08-28T10:00:00Z,price_poller
pr_000465,sony_wh1000xm5,7920000.0,VND,Sony Official Store,2026-08-29T10:00:00Z,price_poller
pr_000466,sony_wh1000xm5,8180000.0,VND,Sony Official Store,2026-08-30T10:00:00Z,price_poller
pr_000467,sony_wh1000xm5,7970000.0,VND,Sony Official Store,2026-08-31T10:00:00Z,price_poller
pr_000468,sony_wh1000xm5,8100000.0,VND,Sony Official Store,2026-09-01T10:00:00Z,price_poller
pr_000469,sony_wh1000xm5,8170000.0,VND,Sony Official Store,2026-09-02T10:00:00Z,price_poller
pr_000470,sony_wh1000xm5,7890000.0,VND,Sony Official Store,2026-09-03T10:00:00Z,price_poller
pr_000471,sony_wh1000xm5,8120000.0,VND,Sony Official Store,2026-09-04T10:00:00Z,price_poller
pr_000472,sony_wh1000xm5,7770000.0,VND,Sony Official Store,2026-09-05T10:00:00Z,price_poller
pr_000473,sony_wh1000xm5,7890000.0,VND,Sony Official Store,2026-09-06T10:00:00Z,price_poller
pr_000474,sony_wh1000xm5,7760000.0,VND,Sony Official Store,2026-09-07T10:00:00Z,price_poller
pr_000475,sony_wh1000xm5,8010000.0,VND,Sony Official Store,2026-09-08T10:00:00Z,price_poller
pr_000476,sony_wh1000xm5,7940000.0,VND,Sony Official Store,2026-09-09T10:00:00Z,price_poller
pr_000477,sony_wh1000xm5,7890000.0,VND,Sony Official Store,2026-09-10T10:00:00Z,price_poller
pr_000478,sony_wh1000xm5,8140000.0,VND,Sony Official Store,2026-09-11T10:00:00Z,price_poller
pr_000479,sony_wh1000xm5,8070000.0,VND,Sony Official Store,2026-09-12T10:00:00Z,price_poller
pr_000480,sony_wh1000xm5,7860000.0,VND,Sony Official Store,2026-09-13T10:00:00Z,price_poller
pr_000481,sony_wh1000xm5,7940000.0,VND,Sony Official Store,2026-09-14T10:00:00Z,price_poller
pr_000482,sony_wh1000xm5,7990000.0,VND,Sony Official Store,2026-09-15T10:00:00Z,price_poller
pr_000483,sony_wh1000xm5,7820000.0,VND,Sony Official Store,2026-09-16T10:00:00Z,price_poller
pr_000484,sony_wh1000xm5,8070000.0,VND,Sony Official Store,2026-09-17T10:00:00Z,price_poller
pr_000485,sony_wh1000xm5,7750000.0,VND,Sony Official Store,2026-09-18T10:00:00Z,price_poller
pr_000486,sony_wh1000xm5,8200000.0,VND,Sony Official Store,2026-09-19T10:00:00Z,price_poller
pr_000487,sony_wh1000xm5,7770000.0,VND,Sony Official Store,2026-09-20T10:00:00Z,price_poller
pr_000488,sony_wh1000xm5,8110000.0,VND,Sony Official Store,2026-09-21T10:00:00Z,price_poller
pr_000489,sony_wh1000xm5,8020000.0,VND,Sony Official Store,2026-09-22T10:00:00Z,price_poller
pr_000490,sony_wh1000xm5,8190000.0,VND,Sony Official Store,2026-09-23T10:00:00Z,price_poller
pr_000491,airpods_pro_2,5640000.0,VND,Apple Official Store,2026-08-20T10:00:00Z,price_poller
pr_000492,airpods_pro_2,5530000.0,VND,Apple Official Store,2026-08-21T10:00:00Z,price_poller
pr_000493,airpods_pro_2,5360000.0,VND,Apple Official Store,2026-08-22T10:00:00Z,price_poller
pr_000494,airpods_pro_2,5340000.0,VND,Apple Official Store,2026-08-23T10:00:00Z,price_poller
pr_000495,airpods_pro_2,5610000.0,VND,Apple Official Store,2026-08-24T10:00:00Z,price_poller
pr_000496,airpods_pro_2,5510000.0,VND,Apple Official Store,2026-08-25T10:00:00Z,price_poller
pr_000497,airpods_pro_2,5570000.0,VND,Apple Official Store,2026-08-26T10:00:00Z,price_poller
pr_000498,airpods_pro_2,5540000.0,VND,Apple Official Store,2026-08-27T10:00:00Z,price_poller
pr_000499,airpods_pro_2,5570000.0,VND,Apple Official Store,2026-08-28T10:00:00Z,price_poller
pr_000500,airpods_pro_2,5380000.0,VND,Apple Official Store,2026-08-29T10:00:00Z,price_poller
pr_000501,airpods_pro_2,5490000.0,VND,Apple Official Store,2026-08-30T10:00:00Z,price_poller
pr_000502,airpods_pro_2,5430000.0,VND,Apple Official Store,2026-08-31T10:00:00Z,price_poller
pr_000503,airpods_pro_2,5590000.0,VND,Apple Official Store,2026-09-01T10:00:00Z,price_poller
pr_000504,airpods_pro_2,5360000.0,VND,Apple Official Store,2026-09-02T10:00:00Z,price_poller
pr_000505,airpods_pro_2,5340000.0,VND,Apple Official Store,2026-09-03T10:00:00Z,price_poller
pr_000506,airpods_pro_2,5600000.0,VND,Apple Official Store,2026-09-04T10:00:00Z,price_poller
pr_000507,airpods_pro_2,5440000.0,VND,Apple Official Store,2026-09-05T10:00:00Z,price_poller
pr_000508,airpods_pro_2,5600000.0,VND,Apple Official Store,2026-09-06T10:00:00Z,price_poller
pr_000509,airpods_pro_2,5470000.0,VND,Apple Official Store,2026-09-07T10:00:00Z,price_poller
pr_000510,airpods_pro_2,5450000.0,VND,Apple Official Store,2026-09-08T10:00:00Z,price_poller
pr_000511,airpods_pro_2,5430000.0,VND,Apple Official Store,2026-09-09T10:00:00Z,price_poller
pr_000512,airpods_pro_2,5330000.0,VND,Apple Official Store,2026-09-10T10:00:00Z,price_poller
pr_000513,airpods_pro_2,5560000.0,VND,Apple Official Store,2026-09-11T10:00:00Z,price_poller
pr_000514,airpods_pro_2,5630000.0,VND,Apple Official Store,2026-09-12T10:00:00Z,price_poller
pr_000515,airpods_pro_2,5450000.0,VND,Apple Official Store,2026-09-13T10:00:00Z,price_poller
pr_000516,airpods_pro_2,5450000.0,VND,Apple Official Store,2026-09-14T10:00:00Z,price_poller
pr_000517,airpods_pro_2,5370000.0,VND,Apple Official Store,2026-09-15T10:00:00Z,price_poller
pr_000518,airpods_pro_2,5520000.0,VND,Apple Official Store,2026-09-16T10:00:00Z,price_poller
pr_000519,airpods_pro_2,5520000.0,VND,Apple Official Store,2026-09-17T10:00:00Z,price_poller
pr_000520,airpods_pro_2,5450000.0,VND,Apple Official Store,2026-09-18T10:00:00Z,price_poller
pr_000521,airpods_pro_2,5470000.0,VND,Apple Official Store,2026-09-19T10:00:00Z,price_poller
pr_000522,airpods_pro_2,5620000.0,VND,Apple Official Store,2026-09-20T10:00:00Z,price_poller
pr_000523,airpods_pro_2,5630000.0,VND,Apple Official Store,2026-09-21T10:00:00Z,price_poller
pr_000524,airpods_pro_2,5580000.0,VND,Apple Official Store,2026-09-22T10:00:00Z,price_poller
pr_000525,airpods_pro_2,5430000.0,VND,Apple Official Store,2026-09-23T10:00:00Z,price_poller
