product_id,product_name,brand,category,subcategory,price,currency,rating,review_count,seller,product_url,image_url,source,created_at,updated_at
iphone_15_pro,iPhone 15 Pro 128GB,Apple,Smartphone,Premium Tech,27990000.0,VND,4.5,2875,Apple Official Store,https://shop.sentinel.ai/p/iphone_15_pro,https://assets.sentinel.ai/images/iphone_15_pro.jpg,catalog_sync,2026-07-26T08:00:00Z,2026-09-24T08:00:00Z
iphone_15,iPhone 15 128GB,Apple,Smartphone,Premium Tech,19490000.0,VND,4.7,4079,Apple Official Store,https://shop.sentinel.ai/p/iphone_15,https://assets.sentinel.ai/images/iphone_15.jpg,catalog_sync,2026-07-26T08:00:00Z,2026-09-24T08:00:00Z
galaxy_s24_ultra,Samsung Galaxy S24 Ultra 256GB,Samsung,Smartphone,Premium Tech,29990000.0,VND,4.6,3008,Samsung Official Store,https://shop.sentinel.ai/p/galaxy_s24_ultra,https://assets.sentinel.ai/images/galaxy_s24_ultra.jpg,catalog_sync,2026-07-26T08:00:00Z,2026-09-24T08:00:00Z
galaxy_s24,Samsung Galaxy S24 128GB,Samsung,Smartphone,Premium Tech,17990000.0,VND,4.3,1018,Samsung Official Store,https://shop.sentinel.ai/p/galaxy_s24,https://assets.sentinel.ai/images/galaxy_s24.jpg,catalog_sync,2026-07-26T08:00:00Z,2026-09-24T08:00:00Z
xiaomi_14_pro,Xiaomi 14 Pro 256GB,Xiaomi,Smartphone,Premium Tech,16990000.0,VND,4.8,1716,Xiaomi Official Store,https://shop.sentinel.ai/p/xiaomi_14_pro,https://assets.sentinel.ai/images/xiaomi_14_pro.jpg,catalog_sync,2026-07-26T08:00:00Z,2026-09-24T08:00:00Z
pixel_8_pro,Google Pixel 8 Pro 128GB,Google,Smartphone,Premium Tech,18500000.0,VND,4.4,3192,Google Official Store,https://shop.sentinel.ai/p/pixel_8_pro,https://assets.sentinel.ai/images/pixel_8_pro.jpg,catalog_sync,2026-07-26T08:00:00Z,2026-09-24T08:00:00Z
rog_phone_8,Asus ROG Phone 8 Pro 512GB,Asus,Smartphone,Premium Tech,24990000.0,VND,4.8,3597,Asus Official Store,https://shop.sentinel.ai/p/rog_phone_8,https://assets.sentinel.ai/images/rog_phone_8.jpg,catalog_sync,2026-07-26T08:00:00Z,2026-09-24T08:00:00Z
macbook_pro_m3,MacBook Pro 14 M3 512GB,Apple,Laptop,Premium Tech,39990000.0,VND,4.8,1559,Apple Official Store,https://shop.sentinel.ai/p/macbook_pro_m3,https://assets.sentinel.ai/images/macbook_pro_m3.jpg,catalog_sync,2026-07-26T08:00:00Z,2026-09-24T08:00:00Z
macbook_air_m3,MacBook Air 13 M3 256GB,Apple,Laptop,Premium Tech,27490000.0,VND,4.6,807,Apple Official Store,https://shop.sentinel.ai/p/macbook_air_m3,https://assets.sentinel.ai/images/macbook_air_m3.jpg,catalog_sync,2026-07-26T08:00:00Z,2026-09-24T08:00:00Z
dell_xps_15,Dell XPS 15 9530 Core i7,Dell,Laptop,Premium Tech,45990000.0,VND,4.3,1575,Dell Official Store,https://shop.sentinel.ai/p/dell_xps_15,https://assets.sentinel.ai/images/dell_xps_15.jpg,catalog_sync,2026-07-26T08:00:00Z,2026-09-24T08:00:00Z
thinkpad_x1_carbon,Lenovo ThinkPad X1 Carbon Gen 11,Lenovo,Laptop,Premium Tech,38990000.0,VND,4.6,1318,Lenovo Official Store,https://shop.sentinel.ai/p/thinkpad_x1_carbon,https://assets.sentinel.ai/images/thinkpad_x1_carbon.jpg,catalog_sync,2026-07-26T08:00:00Z,2026-09-24T08:00:00Z
ipad_pro_m4,iPad Pro 11 M4 OLED 256GB,Apple,Tablet,Premium Tech,28990000.0,VND,4.4,1389,Apple Official Store,https://shop.sentinel.ai/p/ipad_pro_m4,https://assets.sentinel.ai/images/ipad_pro_m4.jpg,catalog_sync,2026-07-26T08:00:00Z,2026-09-24T08:00:00Z
galaxy_tab_s9,Samsung Galaxy Tab S9 128GB,Samsung,Tablet,Premium Tech,16490000.0,VND,4.8,2208,Samsung Official Store,https://shop.sentinel.ai/p/galaxy_tab_s9,https://assets.sentinel.ai/images/galaxy_tab_s9.jpg,catalog_sync,2026-07-26T08:00:00Z,2026-09-24T08:00:00Z
sony_wh1000xm5,Sony WH-1000XM5 Wireless Headphones,Sony,Accessories,Premium Tech,7990000.0,VND,4.7,2860,Sony Official Store,https://shop.sentinel.ai/p/sony_wh1000xm5,https://assets.sentinel.ai/images/sony_wh1000xm5.jpg,catalog_sync,2026-07-26T08:00:00Z,2026-09-24T08:00:00Z
airpods_pro_2,Apple AirPods Pro 2 USB-C,Apple,Accessories,Premium Tech,5490000.0,VND,4.8,3838,Apple Official Store,https://shop.sentinel.ai/p/airpods_pro_2,https://assets.sentinel.ai/images/airpods_pro_2.jpg,catalog_sync,2026-07-26T08:00:00Z,2026-09-24T08:00:00Z
